41, Fire Burst,ITEM_ID_USE_HONOO_SAKURETU
42, Ice Storm,ITEM_ID_USE_KOORI_NO_IBUKI
43, Thunder Rage,ITEM_ID_USE_KAMINARI_DOKKAN
44, Shooting Star,ITEM_ID_USE_KIRAKIRA_OTOSHI
45, POW Block,ITEM_ID_USE_POW_BLOCK
46, Shell Shock,ITEM_ID_USE_KOURA_DE_PON
47, Gold Bar,ITEM_ID_USE_KINKAI_100
48, Gold Bar x3,ITEM_ID_USE_KINKAI_300
49, Block Block,ITEM_ID_USE_BARIA_FRAME
4A , Courage Shell,ITEM_ID_USE_KACHIKACHI_KOURA
4B , Mighty Tonic,ITEM_ID_USE_TUYOTUYO_DRINK
4C , Volt Shroom,ITEM_ID_USE_BIRIBIRI_KINOKO
4D , Ghost Shroom,ITEM_ID_USE_OBAKE_KINOKO
4E , Sleepy Sleep,ITEM_ID_USE_NEMURE_YOIKO
4F , Stop Watch,ITEM_ID_USE_STOPWATCH
50, Shroom Shake,ITEM_ID_USE_KINOKO_DRINK
51, Super Shroom Shake,ITEM_ID_USE_SUPER_DRINK
52, Ultra Shroom Shake,ITEM_ID_USE_ULTRA_DRINK
53, Dried Shroom,ITEM_ID_USE_SHINABITA_KINOKO
54, Life Shroom,ITEM_ID_USE_KINKYU_KINOKO
55, Long-Last Shake,ITEM_ID_USE_JIWAJIWA_DRINK
56, Mystery Box,ITEM_ID_USE_NANIGA_OKORUKANA
57, Catch Card,ITEM_ID_USE_BLANK_KUN
58, Catch Card SP,ITEM_ID_USE_SUPER_BLANK_KUN
59, HP Plus,ITEM_ID_USE_HEART_FUERU
5A , Power Plus,ITEM_ID_USE_POWER_PLUS
5B , Blue Apple,ITEM_ID_USE_STG7_BLUE_FRUITS
5C , Yellow Apple,ITEM_ID_USE_STG7_ORANGE_FRUITS
5D , Red Apple,ITEM_ID_USE_STG7_RED_FRUITS
5E , Pink Apple,ITEM_ID_USE_STG7_PINK_FRUITS
5F , Black Apple,ITEM_ID_USE_STG7_BLACK_FRUITS
60, Star Medal,ITEM_ID_USE_STAR_MEDAL
61, Gold Medal,ITEM_ID_USE_GOLD_MEDAL
62, Poison Shroom,ITEM_ID_USE_DOKU_KINOKO
63, Slimy Shroom,ITEM_ID_USE_NURU_KINOKO
64, Peachy Peach,ITEM_ID_USE_PICHI_PEACH
65, Keel Mango,ITEM_ID_USE_TOROPICO_MANGO
66, Primordial Fruit,ITEM_ID_USE_PRIMITIVENUT
67, Golden Leaf,ITEM_ID_USE_GOLD_LEAF
68, Turtley Leaf,ITEM_ID_USE_KAME_LEAF
69, Cake Mix,ITEM_ID_USE_INGREDIENTS_OF_SWEET
6A , Whacka Bump,ITEM_ID_USE_TANKOBU
6B , Horsetail,ITEM_ID_USE_TUKUSHINBO
6C , Fresh Pasta Bunch,ITEM_ID_USE_ROW_PASTA
6D , Hot Sauce,ITEM_ID_USE_RED_CHILI_PEPPER
6E , Inky Sauce,ITEM_ID_USE_SUMI_SOUP
6F , Dayzee Tear,ITEM_ID_USE_PANSY_TEARS
70, Sap Soup,ITEM_ID_USE_HANA_SOUP
71, Bone-In Cut,ITEM_ID_USE_MEET
72, Fresh Veggie,ITEM_ID_USE_VEGETABLES
73, Smelly Herb,ITEM_ID_USE_HERB
74, Honey Jar,ITEM_ID_USE_HACHIMITU
75, Power Steak,ITEM_ID_USE_POWERFUL_MEET
76, Big Egg,ITEM_ID_USE_BIG_EGG
77, Mild Cocoa Bean,ITEM_ID_USE_MILD_CACAO
78, Sweet Choco-bar,ITEM_ID_COOK_SWEET_CHOKO
79, Shroom Choco-bar,ITEM_ID_COOK_KINOKO_CHOKO
7A , Golden Choco-bar,ITEM_ID_COOK_GOLD_CHOKO
7B , Gradual Syrup,ITEM_ID_COOK_JIWA_SYRUP
7C , Dayzee Syrup,ITEM_ID_COOK_PANSY_SYRUP
7D , Slimy Extract,ITEM_ID_COOK_NURU_ESSENCE
7E , Fried Shroom Plate,ITEM_ID_COOK_KINOKO_FRY
7F , Roast Shroom Dish,ITEM_ID_COOK_KINOKO_HOILE_FRY
80, Shroom Steak,ITEM_ID_COOK_KINOKO_STEAK
81, Honey Shroom,ITEM_ID_COOK_HUNNY_KINOKO
82, Honey Super,ITEM_ID_COOK_HUNNY_KINOKO_S
83, Shroom Broth,ITEM_ID_COOK_TEA_KINOKO
84, Mushroom Crepe,ITEM_ID_COOK_KINOKO_CREPE
85, Shroom Cake,ITEM_ID_COOK_KINOKO_CAKE
86, Chocolate Cake,ITEM_ID_COOK_CHOCOLA_CAKE
87, Heartful Cake,ITEM_ID_COOK_MERO_CAKE
88, Mousse,ITEM_ID_COOK_MOUSSE_CAKE
89, Peach Tart,ITEM_ID_COOK_PEACH_TART
8A , Horsetail Tart,ITEM_ID_COOK_TUKUSHI_TART
8B , Sweet Cookie Snack,ITEM_ID_COOK_SWEET_COOKIE
8C , Koopa Dumpling,ITEM_ID_COOK_KAME_MAN
8D , Sap Muffin,ITEM_ID_COOK_HANA_DANGO
8E , Town Special,ITEM_ID_COOK_PRIMITIVE_SPECIAL
8F , Mango Pudding,ITEM_ID_COOK_MANGO_PUDDING
90, Love Pudding,ITEM_ID_COOK_LOVE_PUDDING
91, Couple's Cake,ITEM_ID_COOK_FOREVER
92, Fruit Parfait,ITEM_ID_COOK_FRUITS_PARFAIT
93, Snow Cone,ITEM_ID_COOK_FRAPPE
94, Snow Bunny,ITEM_ID_COOK_SNOW_RABBIT
95, Berry Snow Bunny,ITEM_ID_COOK_ICHIGO_RABBIT
96, Honey Candy,ITEM_ID_COOK_HUNNY_CANDY
97, Electro Pop,ITEM_ID_COOK_BIRI_CANDY
98, Herb Tea,ITEM_ID_COOK_HERB_TEA
99, Koopa Tea,ITEM_ID_COOK_KAME_TEA
9A , Spaghetti Plate,ITEM_ID_COOK_SPAGHETTI
9B , Spicy Pasta Dish,ITEM_ID_COOK_KARAI_PASTA
9C , Ink Pasta Dish,ITEM_ID_COOK_IKASUMI_PASTA
9D , Koopasta Dish,ITEM_ID_COOK_KAME_SPA
9E , Love Noodle Dish,ITEM_ID_COOK_LOVE_NOODLE
9F , Fried Egg,ITEM_ID_COOK_SUNNY_SIDE_UP
A0 , Egg Bomb,ITEM_ID_COOK_BOMB_EGG
A1 , Dyllis Dynamite,ITEM_ID_COOK_DOROCY_DYNAMITE
A2 , Spit Roast,ITEM_ID_COOK_BARBECUE
A3 , Meteor Meal,ITEM_ID_COOK_DINNER
A4 , Omelette Plate,ITEM_ID_COOK_OMELET
A5 , Spicy Soup,ITEM_ID_COOK_HOT_SOUP
A6 , Hot Dog,ITEM_ID_COOK_HOTDOG
A7 , Healthy Salad,ITEM_ID_COOK_HEALTHY_SALAD
A8 , Dyllis Dinner,ITEM_ID_COOK_DOROCY_DINNER
A9 , Dyllis Special,ITEM_ID_COOK_DOROCY_SPECIAL
AA , Dyllis Deluxe,ITEM_ID_COOK_DOROCY_DELUX
AB , Space Food,ITEM_ID_COOK_SPACE_MEAL
AC , Emergency Ration,ITEM_ID_COOK_EMERGENCY_MEAL
AD , Dangerous Delight,ITEM_ID_COOK_DANGEROUS_COOKING
AE , Trial Stew,ITEM_ID_COOK_TRIAL_PAN
AF , Mistake,ITEM_ID_COOK_FAIL_COOKING1
B0 , Mistake (Sleepy Sheep),ITEM_ID_COOK_FAIL_COOKING2
B1 , Warm Cocoa,ITEM_ID_COOK_HOT_COCOA
B2 , Odd Dinner,ITEM_ID_COOK_DOUBTFUL_DINNER
B3, Inky Soup,ITEM_ID_COOK_IKASUMI_SOUP
B4 , Gingerbread House,ITEM_ID_COOK_SUGER_HOUSE
B5 , Volcano Shroom,ITEM_ID_COOK_VOLCANO_KINOKO
B6 , Koopa Pilaf,ITEM_ID_COOK_KAMEKAME_RICE
B7 , Spicy Dinner,ITEM_ID_COOK_KARAKARA_COOK
B8 , Shroom Pudding,ITEM_ID_COOK_KINOKO_PUDDING
B9 , Heavy Meal,ITEM_ID_COOK_GERORIN_FOOD
BA , Primordial Dinner,ITEM_ID_COOK_RPIMITIVE_COOK
BB , Gorgeous Steak,ITEM_ID_COOK_GORGEOUS_STEAK
BC , Golden Meal,ITEM_ID_COOK_GOLDEN_FOOD
BD , Luxurious Set,ITEM_ID_COOK_GOTTUAN_SET
BE , Roast Whacka Bump,ITEM_ID_COOK_KOBUYAKI
BF , Dyllis Breakfast,ITEM_ID_COOK_JESSY_MORNING
C0 , Dyllis Lunch,ITEM_ID_COOK_JESSY_LUNCH
C1 , Sky Juice,ITEM_ID_COOK_SUIKA_JUICE
C2 , Stamina Juice,ITEM_ID_COOK_SUTAMINA_JUICE
C3 , Choco Pasta Dish,ITEM_ID_COOK_CHOKO_PASTA
C4 , Shroom Delicacy,ITEM_ID_COOK_CHINMI_KINOKO
C5 , Roast Horsetail,ITEM_ID_COOK_TUKUSHI_YAKI
C6 , Sap Syrup,ITEM_ID_COOK_HANAJIRU_SYRUP
C7 , Hamburger,ITEM_ID_COOK_HUMBURG
C8, Peach Juice,ITEM_ID_COOK_PEACH_JUICE
C9 , Standard Chocolate,ITEM_ID_COOK_NORMAL_CHOKO
CA , Fruity Cake,ITEM_ID_COOK_FRUITS_CAKE
CB , Fruity Hamburger,ITEM_ID_COOK_FRUITS_HUMBURG
CC , Fruity Punch,ITEM_ID_COOK_FRUITS_PONCH
CD , Fruity Shroom,ITEM_ID_COOK_FRUITS_KINOKO
CE , Block Meal,ITEM_ID_COOK_FRAME_FOOD
CF , Veggie Set,ITEM_ID_COOK_VEGETABLES_SET
D0 , Weird Extract,ITEM_ID_COOK_HENTEKO_EKIS
D1 , Awesome Snack,ITEM_ID_COOK_HOGEHOGE_SNUCK
D2 , Mango Juice,ITEM_ID_COOK_MANGO_JUICE
D3 , Meat Pasta Dish,ITEM_ID_COOK_MEET_PASTA
D4 , Mixed Shake,ITEM_ID_COOK_MIX_SHAKE
D5 , Miracle Dinner,ITEM_ID_COOK_MIRACLE_COOK
D6 , Megaton Dinner,ITEM_ID_COOK_MEGATON_DINNER
D7 , Lovely Chocolate,ITEM_ID_COOK_LOVELY_CHOKO