Sweet Cookie Snack,30
Honey Shroom,58
Honey Super,118
Fruity Shroom,60
Shroom Broth,55
Honey Candy,24
Electro Pop,82
Awesome Snack,55
Koopa Dumpling,40
Town Special,27
Sap Muffin,55
Lovely Chocolate,45
Standard Chocolate,4
Sweet Choco-bar,5
Shroom Choco-bar,25
Golden Choco-bar,50
Mushroom Crepe,65
Shroom Cake,125
Chocolate Cake,55
Mousse,60
Fruity Cake,90
Heartful Cake,75
Peach Tart,50
Horsetail Tart,60
Gingerbread House,130
Shroom Pudding,65
Mango Pudding,55
Love Pudding,75
Fruity Punch,55
Snow Cone,43
Fruit Parfait,70
Snow Bunny,5
Berry Snow Bunny,5
Couple's Cake,150
Peach Juice,28
Mango Juice,23
Sky Juice,20
Mixed Shake,60
Warm Cocoa,25
Herb Tea,18
Koopa Tea,9
Stamina Juice,50
Gradual Syrup,50
Dayzee Syrup,35
Sap Syrup,20
Slimy Extract,30
Weird Extract,55
Shroom Delicacy,55
Fried Shroom Plate,35
Roast Shroom Dish,96
Shroom Steak,180
Volcano Shroom,60
Fried Egg,30
Omelette Plate,50
Hamburger,40
Fruity Hamburger,65
Gorgeous Steak,75
Hot Dog,60
Spit Roast,50
Healthy Salad,28
Veggie Set,60
Spaghetti Plate,35
Meat Pasta Dish,75
Spicy Pasta Dish,60
Ink Pasta Dish,63
Koopasta Dish,45
Choco Pasta Dish,60
Love Noodle Dish,80
Roast Horsetail,25
Roast Whacka Bump,200
Spicy Soup,23
Inky Soup,20
Spicy Dinner,40
Golden Meal,50
Block Meal,53
Primordial Dinner,60
Miracle Dinner,50
Koopa Pilaf,45
Dyllis Breakfast,60
Dyllis Lunch,75
Dyllis Dinner,100
Dyllis Special,160
Dyllis Deluxe,225
Meteor Meal,205
Megaton Dinner,83
Luxurious Set,50
Space Food,60
Emergency Ration,40
Egg Bomb,50
Dyllis Dynamite,66
Odd Dinner,33
Heavy Meal,10
Dangerous Delight,3
Trial Stew,2
Mistake (Sleepy Sheep),1
Mistake,1